{"cameraMode":{"drawMode":0,"name":"Shaded","section":"Shading Mode"},"sceneLighting":false,"audioPlay":false,"sceneViewState":{"m_AlwaysRefresh":false,"showFog":true,"showSkybox":false,"showFlares":true,"showImageEffects":true,"showParticleSystems":true,"showVisualEffectGraphs":true,"m_FxEnabled":true},"in2DMode":false,"pivot":{"x":-25.420299530029298,"y":1.688768744468689,"z":6.074751853942871},"rotation":{"x":-0.025784103199839593,"y":0.5381231904029846,"z":0.016475394368171693,"w":0.8423243165016174},"size":1.1847552061080933,"orthographic":false}